{
  "Date": "2019-04-11T12:17:05.5152519-04:00",
  "State": "Pending",
  "CheckNunmber": 101.0,
  "Amount": 100.02,
  "Memo": "Testing",
  "Payee": {
    "Name": "Fred Smith"
  },
  "Account": {
    "NickName": "BOA Joint Checking",
    "StatementName": "John and Jane Doe",
    "AccountAddressLine1": "100 West St.",
    "AccountAddressLine2": "Baltimore, MD 21218-1803",
    "CheckToPrintPerPage": 3,
    "AccountNumber": "57C0A50A08",
    "Bank": {
      "Name": "Bank Of America, NA",
      "BankAddressLine1": "Baltimore, MD 21215",
      "BankAddressLine2": "07-163/520",
      "AbaRoutingNumber": "F7CC0F065"
    }
  },
  "PrintedCheckNumber": "0000000101"
}